{"trial_1":{"above_naive":0,"above_contact_general":0,"above_contact_selective":0,"edge_distance":1.1477003117119913,"brick_angle":1.568140349817825,"brick_y":2.6707920507550824,"avg_x":0.13077378914314763,"avg_y":1.2858675744842643,"avg_angle":0.004519258558507419,"tower_height":2.6707920507550824},"trial_2":{"above_naive":13,"above_contact_general":13,"above_contact_selective":7,"edge_distance":0.08519602771318446,"brick_angle":0.010001166213131185,"brick_y":0.2558439989390058,"avg_x":0.1307737909950336,"avg_y":1.2858675974822247,"avg_angle":0.0045661899155839125,"tower_height":2.670770912394495},"trial_3":{"above_naive":9,"above_contact_general":9,"above_contact_selective":8,"edge_distance":0.934267101607773,"brick_angle":1.5642042928948925,"brick_y":1.0584732678292452,"avg_x":0.1307737909950336,"avg_y":1.2858675974822251,"avg_angle":0.0045661899155839125,"tower_height":2.670770912394495},"trial_4":{"above_naive":5,"above_contact_general":5,"above_contact_selective":3,"edge_distance":0.8160733185221352,"brick_angle":0.003023440058788296,"brick_y":1.8650339199357067,"avg_x":0.1307737909950336,"avg_y":1.2858675974822251,"avg_angle":0.0045661899155839125,"tower_height":2.670770912394495},"trial_5":{"above_naive":12,"above_contact_general":12,"above_contact_selective":6,"edge_distance":0.7277581989963258,"brick_angle":0.00020530509189242707,"brick_y":0.4549490320590568,"avg_x":0.1307737909950336,"avg_y":1.2858675974822242,"avg_angle":0.0045661899155839125,"tower_height":2.670770912394495},"trial_6":{"above_naive":2,"above_contact_general":1,"above_contact_selective":1,"edge_distance":1.4253156743511015,"brick_angle":0.006761289434300544,"brick_y":2.065119669685146,"avg_x":0.13078693074403616,"avg_y":1.285869194070568,"avg_angle":0.004522611711795632,"tower_height":2.6707645227832857},"trial_7":{"above_naive":13,"above_contact_general":13,"above_contact_selective":10,"edge_distance":0.5355001022743107,"brick_angle":0.0018342179621102517,"brick_y":0.25392985593001605,"avg_x":0.1307523290326896,"avg_y":1.2858747325520863,"avg_angle":0.0044511555560564076,"tower_height":2.670753882915517},"trial_8":{"above_naive":13,"above_contact_general":13,"above_contact_selective":11,"edge_distance":1.2684998188208922,"brick_angle":0.001523447219697438,"brick_y":0.2543440772952197,"avg_x":0.17782918558608488,"avg_y":1.2517867726157168,"avg_angle":0.011898261215236813,"tower_height":2.8759147131389087},"trial_9":{"above_naive":10,"above_contact_general":10,"above_contact_selective":7,"edge_distance":-0.023984567811966784,"brick_angle":0.017315363526202,"brick_y":0.6596162949535849,"avg_x":0.1778255452669569,"avg_y":1.2517873884544546,"avg_angle":0.011897981703430933,"tower_height":2.8759349332251722},"trial_10":{"above_naive":13,"above_contact_general":13,"above_contact_selective":11,"edge_distance":0.30126651967632334,"brick_angle":0.007023238073772475,"brick_y":0.2570077276958047,"avg_x":0.17782488943348554,"avg_y":1.2517815920198285,"avg_angle":0.01188176627548212,"tower_height":2.8759232043007854},"trial_11":{"above_naive":1,"above_contact_general":1,"above_contact_selective":1,"edge_distance":1.0573216584234526,"brick_angle":0.015318693638619152,"brick_y":2.0710813209939767,"avg_x":0.1778254844035134,"avg_y":1.2517839185675568,"avg_angle":0.011853537839009132,"tower_height":2.8759349351970904},"trial_12":{"above_naive":1,"above_contact_general":0,"above_contact_selective":0,"edge_distance":0.6929756725057179,"brick_angle":1.5579445099363687,"brick_y":2.073471792814736,"avg_x":0.17782918558497815,"avg_y":1.2517867726193406,"avg_angle":0.011898231170864281,"tower_height":2.8759147131387275},"trial_13":{"above_naive":7,"above_contact_general":6,"above_contact_selective":5,"edge_distance":0.8687659464918349,"brick_angle":0.014363846943347802,"brick_y":1.0583163628165888,"avg_x":0.17783804473231216,"avg_y":1.2517839560719097,"avg_angle":0.011759090439017402,"tower_height":2.8758864340073176},"trial_14":{"above_naive":7,"above_contact_general":6,"above_contact_selective":6,"edge_distance":1.313866934607291,"brick_angle":0.0011852880313618641,"brick_y":1.0658866796800952,"avg_x":0.17782412357273664,"avg_y":1.2517800019080383,"avg_angle":0.011887980750981046,"tower_height":2.875923006567481},"trial_15":{"above_naive":0,"above_contact_general":0,"above_contact_selective":0,"edge_distance":-0.035716691561736624,"brick_angle":1.5506606288355167,"brick_y":2.8739890201260527,"avg_x":-0.006472104333356321,"avg_y":1.3247999928287881,"avg_angle":0.006346551480249901,"tower_height":2.8739890201260527},"trial_16":{"above_naive":9,"above_contact_general":4,"above_contact_selective":4,"edge_distance":0.09106827259663408,"brick_angle":1.570411754595895,"brick_y":0.8590769073257576,"avg_x":-0.006504474232600782,"avg_y":1.3247846603472069,"avg_angle":0.006300961994581994,"tower_height":2.8733725156112824},"trial_17":{"above_naive":4,"above_contact_general":2,"above_contact_selective":2,"edge_distance":-0.09277250153030447,"brick_angle":1.5502345897844672,"brick_y":1.662694451931201,"avg_x":-0.006480683263576564,"avg_y":1.3247947967283396,"avg_angle":0.0062975381996462215,"tower_height":2.873296714190916},"trial_18":{"above_naive":14,"above_contact_general":7,"above_contact_selective":6,"edge_distance":0.9601491081446145,"brick_angle":0.00021750556059974002,"brick_y":0.25446910801213374,"avg_x":-0.006496077201579048,"avg_y":1.324795951578937,"avg_angle":0.006310392502313439,"tower_height":2.8733725156112824},"trial_19":{"above_naive":12,"above_contact_general":5,"above_contact_selective":5,"edge_distance":0.012305352268152436,"brick_angle":1.5596835225266164,"brick_y":0.4550868489570794,"avg_x":-0.006482448176604039,"avg_y":1.324791689832204,"avg_angle":0.006289065763734988,"tower_height":2.873296762473561},"trial_20":{"above_naive":4,"above_contact_general":2,"above_contact_selective":2,"edge_distance":0.3487740303349094,"brick_angle":1.5599552879924996,"brick_y":1.6678085065637194,"avg_x":-0.0064950335559803285,"avg_y":1.324796817362217,"avg_angle":0.006316091993578382,"tower_height":2.8733026129007833},"trial_21":{"above_naive":9,"above_contact_general":4,"above_contact_selective":4,"edge_distance":0.5266032882565739,"brick_angle":1.5707261837113657,"brick_y":0.8589534363439864,"avg_x":-0.006473651734335867,"avg_y":1.324801479940208,"avg_angle":0.006313547208586054,"tower_height":2.8733725156112824},"trial_22":{"above_naive":4,"above_contact_general":3,"above_contact_selective":3,"edge_distance":0.761095982652761,"brick_angle":0.01301241676265974,"brick_y":1.6645512266737015,"avg_x":0.13863629094859317,"avg_y":1.3978378812187842,"avg_angle":0.05116532767540449,"tower_height":3.073741245523955},"trial_23":{"above_naive":1,"above_contact_general":1,"above_contact_selective":1,"edge_distance":0.15767738620336846,"brick_angle":0.0008070529979651297,"brick_y":2.468509152232063,"avg_x":0.13864023079833845,"avg_y":1.3978420135234022,"avg_angle":0.051159911490613344,"tower_height":3.0739130694807306},"trial_24":{"above_naive":11,"above_contact_general":4,"above_contact_selective":4,"edge_distance":0.03476648039262553,"brick_angle":1.5549970166525373,"brick_y":0.4554132036867209,"avg_x":0.1386362388217721,"avg_y":1.3978384607496768,"avg_angle":0.051163157708952044,"tower_height":3.0736446807465456},"trial_25":{"above_naive":11,"above_contact_general":4,"above_contact_selective":4,"edge_distance":0.5685429100918835,"brick_angle":0.0013743421705445513,"brick_y":0.45524610760904327,"avg_x":0.13863623901865962,"avg_y":1.397838446819759,"avg_angle":0.05116297229665585,"tower_height":3.0736446807465456},"trial_26":{"above_naive":4,"above_contact_general":1,"above_contact_selective":1,"edge_distance":0.526948698661855,"brick_angle":0.007143696691486845,"brick_y":1.6658213168760296,"avg_x":0.13862738740340774,"avg_y":1.3978465017444006,"avg_angle":0.05127522880605829,"tower_height":3.0736446807465456},"trial_27":{"above_naive":14,"above_contact_general":8,"above_contact_selective":7,