{"trial_1":{"above_naive":2,"above_contact_general":2,"above_contact_selective":1,"edge_distance":0.7928599269220991,"brick_angle":0.8770469767059756,"brick_y":0.9075435241992653,"avg_x":-0.04628985128768709,"avg_y":0.7360716611674043,"avg_angle":0.33214193479803256,"tower_height":1.4772245039782006},"trial_2":{"above_naive":1,"above_contact_general":1,"above_contact_selective":1,"edge_distance":1.1595646202241805,"brick_angle":1.5497079094118087,"brick_y":1.0698621198869693,"avg_x":-0.15324567806954198,"avg_y":0.7277477974578952,"avg_angle":0.10082298541352022,"tower_height":1.5226133681791367},"trial_3":{"above_naive":2,"above_contact_general":2,"above_contact_selective":2,"edge_distance":0.9209314384800322,"brick_angle":1.5664028436818134,"brick_y":1.0830225823294057,"avg_x":-0.042139328901435666,"avg_y":0.8729321630759745,"avg_angle":0.2930490013313329,"tower_height":1.6753270047814257},"trial_4":{"above_naive":3,"above_contact_general":3,"above_contact_selective":3,"edge_distance":0.8129666429133344,"brick_angle":1.5600823058033573,"brick_y":1.0790499581529986,"avg_x":0.1844447222714293,"avg_y":0.8758339642961479,"avg_angle":0.1376679839429719,"tower_height":2.1331607940660744},"trial_5":{"above_naive":2,"above_contact_general":2,"above_contact_selective":2,"edge_distance":1.0434154270584468,"brick_angle":0.012709107361988714,"brick_y":1.283997488765558,"avg_x":0.15451085277899718,"avg_y":0.9548925558310297,"avg_angle":0.0061536107086428765,"tower_height":2.313374758350748},"trial_6":{"above_naive":6,"above_contact_general":6,"above_contact_selective":6,"edge_distance":1.2179271344858797,"brick_angle":1.5565366162877492,"brick_y":1.0765459277549212,"avg_x":0.031477326014728066,"avg_y":1.1882899443616992,"avg_angle":0.042624085933361706,"tower_height":2.521434968181906},"trial_7":{"above_naive":3,"above_contact_general":3,"above_contact_selective":3,"edge_distance":1.0594005789328467,"brick_angle":1.5523598895206154,"brick_y":1.072888329354655,"avg_x":0.032756274770232095,"avg_y":1.157982136092142,"avg_angle":0.11058814825932992,"tower_height":2.4861619272895976},"trial_8":{"above_naive":5,"above_contact_general":5,"above_contact_selective":3,"edge_distance":0.029969285056002715,"brick_angle":1.5592100916230294,"brick_y":0.2613542067690702,"avg_x":-0.43255410144370543,"avg_y":0.6592964047284289,"avg_angle":0.2627584599356745,"tower_height":1.3844073168669495},"trial_9":{"above_naive":3,"above_contact_general":3,"above_contact_selective":3,"edge_distance":0.47924749173439185,"brick_angle":0.004030462317930805,"brick_y":1.0792609042119778,"avg_x":-0.20844129331168726,"avg_y":0.8830651013686168,"avg_angle":0.2997800569936339,"tower_height":1.675435910018709},"trial_10":{"above_naive":5,"above_contact_general":5,"above_contact_selective":5,"edge_distance":0.881439730507708,"brick_angle":1.5499323957709983,"brick_y":1.0796212242874117,"avg_x":0.09059236815953298,"avg_y":1.2153590208472638,"avg_angle":0.04450762980421299,"tower_height":2.7248220365098694},"trial_11":{"above_naive":4,"above_contact_general":4,"above_contact_selective":4,"edge_distance":0.9793858575915269,"brick_angle":1.5192921732009212,"brick_y":1.090456457928132,"avg_x":0.16184656021500163,"avg_y":0.9709229817226102,"avg_angle":0.26206205588001485,"tower_height":1.7451889898190158},"trial_12":{"above_naive":2,"above_contact_general":2,"above_contact_selective":2,"edge_distance":1.3780253989709284,"brick_angle":1.0578558269830545,"brick_y":1.3154129288783918,"avg_x":0.07783562868043763,"avg_y":0.959342972442276,"avg_angle":0.0872608181044119,"tower_height":2.5870451275940063},"trial_13":{"above_naive":4,"above_contact_general":4,"above_contact_selective":4,"edge_distance":1.0086888729545045,"brick_angle":0.01023001851746752,"brick_y":1.0778673675298962,"avg_x":-0.03954511794086912,"avg_y":0.9974285581094464,"avg_angle":0.04228951480052057,"tower_height":2.3110242937843197},"trial_14":{"above_naive":8,"above_contact_general":8,"above_contact_selective":7,"edge_distance":0.46951852275004624,"brick_angle":1.5624169570386632,"brick_y":0.4603300423598018,"avg_x":-0.11507085082590301,"avg_y":1.2450926803472706,"avg_angle":0.00501150613713871,"tower_height":2.4987354307448575},"trial_15":{"above_naive":6,"above_contact_general":6,"above_contact_selective":6,"edge_distance":1.337591764627681,"brick_angle":0.0027046200736160486,"brick_y":1.0676263952982339,"avg_x":0.13808809026288793,"avg_y":1.2917434216377703,"avg_angle":0.035745893847821404,"tower_height":2.4986632895104934},"trial_16":{"above_naive":9,"above_contact_general":9,"above_contact_selective":7,"edge_distance":0.6145507189698307,"brick_angle":0.25213730020669267,"brick_y":0.9041217450319241,"avg_x":0.08586569022862205,"avg_y":1.4206123386881568,"avg_angle":0.07285146275248727,"tower_height":3.116495993208607},"trial_17":{"above_naive":3,"above_contact_general":2,"above_contact_selective":2,"edge_distance":0.8285111277133708,"brick_angle":1.5617390420787576,"brick_y":1.2695395369077604,"avg_x":0.11558417227938081,"avg_y":1.0235244597786948,"avg_angle":0.04559108367726436,"tower_height":2.082124674035256},"trial_18":{"above_naive":9,"above_contact_general":9,"above_contact_selective":5,"edge_distance":0.3060136977780532,"brick_angle":0.0469210098063364,"brick_y":1.096420026088257,"avg_x":0.023690091136673506,"avg_y":1.1531309515541803,"avg_angle":0.11477153992518306,"tower_height":2.3076732677632115},"trial_19":{"above_naive":5,"above_contact_general":5,"above_contact_selective":5,"edge_distance":1.1171000229203853,"brick_angle":0.6206809172603496,"brick_y":0.8744356735253715,"avg_x":-0.030540488555492146,"avg_y":1.2233368477019457,"avg_angle":0.29064036989360087,"tower_height":2.5715207571768555},"trial_20":{"above_naive":6,"above_contact_general":6,"above_contact_selective":6,"edge_distance":1.497289045158829,"brick_angle":1.563645171368914,"brick_y":1.0764132713213548,"avg_x":0.13233410266954343,"avg_y":1.1001536222092314,"avg_angle":0.2703111656360855,"tower_height":2.477584611438037},"trial_21":{"above_naive":8,"above_contact_general":8,"above_contact_selective":5,"edge_distance":0.7826834195668884,"brick_angle":1.5619024390242942,"brick_y":1.2690323960508363,"avg_x":-0.30596392017517066,"avg_y":1.4907243691663132,"avg_angle":0.13608003959244586,"tower_height":2.9489735686042984},"trial_22":{"above_naive":9,"above_contact_general":9,"above_contact_selective":8,"edge_distance":0.7125209773551084,"brick_angle":0.012883059951594333,"brick_y":1.0731294417705732,"avg_x":-0.13570861929135364,"avg_y":1.4700373740813313,"avg_angle":0.011797194965220104,"tower_height":3.5224289679636325},"trial_23":{"above_naive":10,"above_contact_general":10,"above_contact_selective":5,"edge_distance":0.2947609171865544,"brick_angle":1.5093887340711483,"brick_y":1.1017118158498707,"avg_x":0.1584627016634675,"avg_y":1.1783793004312315,"avg_angle":0.12726549576005317,"tower_height":2.710556005637216},"trial_24":{"above_naive":13,"above_contact_general":13,"above_contact_selective":7,"edge_distance":0.3292760381156219,"brick_angle":0.0033165541974975454,"brick_y":0.4639380412847869,"avg_x":0.0010711768460951899,"avg_y":1.2310219657665802,"avg_angle":0.012392208881482037,"tower_height":2.117850746788695},"trial_25":{"above_naive":5,"above_contact_general":5,"above_contact_selective":5,"edge_distance":1.4541818971075466,"brick_angle":0.006728575227025857,"brick_y":1.0664274765362944,"avg_x":-0.01796857209958327,"avg_y":1.5218943361367328,"avg_angle":0.009013241879748711,"tower_height":2.9010543620049996},"trial_26":{"above_naive":6,"above_contact_general":6,"above_contact_selective":6,"edge_distance":0.7594650447999616,"brick_angle":1.5642523759209999,"brick_y":1.0847089241820136,"avg_x":-0.09595052981074785,"avg_y":1.1122527245321803,"avg_angle":0.25520822864257015,"tower_height":2.134757289296788},"trial_27":{"above_naive":6,"above_contact_general":6,"above_contact_selective":6,"edge_distance":1.002602224552816,"brick_angle":1.5690807483581724,