{"trial_1":{"above_naive":2,"above_contact_general":2,"above_contact_selective":1,"edge_distance":0.7928599269220991,"brick_angle":0.09164881330852737,"brick_y":0.9075435241992653,"avg_edge_distance":0.9890960958786905,"avg_x":-0.04628985128768709,"avg_y":0.7360716611674043,"avg_angle":0.3528994339454452,"tower_height":1.4772245039782006},"trial_2":{"above_naive":1,"above_contact_general":1,"above_contact_selective":1,"edge_distance":1.1595646202241805,"brick_angle":0.7643097460143604,"brick_y":1.0698621198869693,"avg_edge_distance":0.8696657722661086,"avg_x":-0.15324567806954198,"avg_y":0.7277477974578952,"avg_angle":0.39339031455295004,"tower_height":1.5226133681791367},"trial_3":{"above_naive":2,"above_contact_general":2,"above_contact_selective":2,"edge_distance":0.9209314384800322,"brick_angle":0.7810046802843651,"brick_y":1.0830225823294057,"avg_edge_distance":0.9976538185970701,"avg_x":-0.042139328901435666,"avg_y":0.8729321630759745,"avg_angle":0.4923491620661154,"tower_height":1.6753270047814257},"trial_4":{"above_naive":3,"above_contact_general":3,"above_contact_selective":3,"edge_distance":0.8129666429133344,"brick_angle":0.774684142405909,"brick_y":1.0790499581529986,"avg_edge_distance":0.9638593610081427,"avg_x":0.1844447222714293,"avg_y":0.8758339642961479,"avg_angle":0.42083245399770464,"tower_height":2.1331607940660744},"trial_5":{"above_naive":2,"above_contact_general":2,"above_contact_selective":2,"edge_distance":1.0434154270584468,"brick_angle":0.012709107361988714,"brick_y":1.283997488765558,"avg_edge_distance":0.924985107105636,"avg_x":0.15451085277899718,"avg_y":0.9548925558310297,"avg_angle":0.0061536107086428765,"tower_height":2.313374758350748},"trial_6":{"above_naive":6,"above_contact_general":6,"above_contact_selective":6,"edge_distance":1.2179271344858797,"brick_angle":0.7711384528903009,"brick_y":1.0765459277549212,"avg_edge_distance":1.0045781983372932,"avg_x":0.031477326014728066,"avg_y":1.1882899443616992,"avg_angle":0.5724212235707267,"tower_height":2.521434968181906},"trial_7":{"above_naive":3,"above_contact_general":3,"above_contact_selective":3,"edge_distance":1.0594005789328467,"brick_angle":0.7669617261231672,"brick_y":1.072888329354655,"avg_edge_distance":1.0447084139710197,"avg_x":0.032756274770232095,"avg_y":1.157982136092142,"avg_angle":0.5659293684169122,"tower_height":2.4861619272895976},"trial_8":{"above_naive":5,"above_contact_general":5,"above_contact_selective":3,"edge_distance":0.029969285056002715,"brick_angle":0.7738119282255811,"brick_y":0.2613542067690702,"avg_edge_distance":0.669598796066019,"avg_x":-0.43255410144370543,"avg_y":0.6592964047284289,"avg_angle":0.32226718505577107,"tower_height":1.3844073168669495},"trial_9":{"above_naive":3,"above_contact_general":3,"above_contact_selective":3,"edge_distance":0.47924749173439185,"brick_angle":0.004030462317930805,"brick_y":1.0792609042119778,"avg_edge_distance":0.8888852894818797,"avg_x":-0.20844129331168726,"avg_y":0.8830651013686168,"avg_angle":0.40788438252765563,"tower_height":1.675435910018709},"trial_10":{"above_naive":5,"above_contact_general":5,"above_contact_selective":5,"edge_distance":0.881439730507708,"brick_angle":0.76453423237355,"brick_y":1.0796212242874117,"avg_edge_distance":1.08236561685355,"avg_x":0.09059236815953298,"avg_y":1.2153590208472638,"avg_angle":0.6170440411755426,"tower_height":2.7248220365098694},"trial_11":{"above_naive":4,"above_contact_general":4,"above_contact_selective":4,"edge_distance":0.9793858575915269,"brick_angle":0.733894009803473,"brick_y":1.090456457928132,"avg_edge_distance":0.8057621085815385,"avg_x":0.16184656021500163,"avg_y":0.9709229817226102,"avg_angle":0.5548374231796004,"tower_height":1.7451889898190158},"trial_12":{"above_naive":2,"above_contact_general":2,"above_contact_selective":2,"edge_distance":1.3780253989709284,"brick_angle":0.2724576635856062,"brick_y":1.3154129288783918,"avg_edge_distance":0.9169740500650657,"avg_x":0.07783562868043763,"avg_y":0.959342972442276,"avg_angle":0.1929470994719502,"tower_height":2.5870451275940063},"trial_13":{"above_naive":4,"above_contact_general":4,"above_contact_selective":4,"edge_distance":1.0086888729545045,"brick_angle":0.01023001851746752,"brick_y":1.0778673675298962,"avg_edge_distance":0.9054581407715151,"avg_x":-0.03954511794086912,"avg_y":0.9974285581094464,"avg_angle":0.1721287110498818,"tower_height":2.3110242937843197},"trial_14":{"above_naive":8,"above_contact_general":8,"above_contact_selective":7,"edge_distance":0.46951852275004624,"brick_angle":0.777018793641215,"brick_y":0.4603300423598018,"avg_edge_distance":1.0175386531664288,"avg_x":-0.11507085082590301,"avg_y":1.2450926803472706,"avg_angle":0.30063992997685574,"tower_height":2.4987354307448575},"trial_15":{"above_naive":6,"above_contact_general":6,"above_contact_selective":6,"edge_distance":1.337591764627681,"brick_angle":0.0027046200736160486,"brick_y":1.0676263952982339,"avg_edge_distance":1.055803672535045,"avg_x":0.13808809026288793,"avg_y":1.2917434216377703,"avg_angle":0.464593466819541,"tower_height":2.4986632895104934},"trial_16":{"above_naive":9,"above_contact_general":9,"above_contact_selective":7,"edge_distance":0.6145507189698307,"brick_angle":0.25213730020669267,"brick_y":0.9041217450319241,"avg_edge_distance":0.9643543307211205,"avg_x":0.08586569022862205,"avg_y":1.4206123386881568,"avg_angle":0.2275494795129309,"tower_height":3.116495993208607},"trial_17":{"above_naive":3,"above_contact_general":2,"above_contact_selective":2,"edge_distance":0.8285111277133708,"brick_angle":0.7763408786813093,"brick_y":1.2695395369077604,"avg_edge_distance":0.7814217353532396,"avg_x":0.11558417227938081,"avg_y":1.0235244597786948,"avg_angle":0.3365248160558567,"tower_height":2.082124674035256},"trial_18":{"above_naive":9,"above_contact_general":9,"above_contact_selective":5,"edge_distance":0.3060136977780532,"brick_angle":0.0469210098063364,"brick_y":1.096420026088257,"avg_edge_distance":0.7312779010271088,"avg_x":0.023690091136673506,"avg_y":1.1531309515541803,"avg_angle":0.25873468460679455,"tower_height":2.3076732677632115},"trial_19":{"above_naive":5,"above_contact_general":5,"above_contact_selective":5,"edge_distance":1.1171000229203853,"brick_angle":0.6206809172603496,"brick_y":0.8744356735253715,"avg_edge_distance":1.1134137355730296,"avg_x":-0.030540488555492146,"avg_y":1.2233368477019457,"avg_angle":0.4566473829333777,"tower_height":2.5715207571768555},"trial_20":{"above_naive":6,"above_contact_general":6,"above_contact_selective":6,"edge_distance":1.497289045158829,"brick_angle":0.7782470079714656,"brick_y":1.0764132713213548,"avg_edge_distance":0.9255710458059149,"avg_x":0.13233410266954343,"avg_y":1.1001536222092314,"avg_angle":0.4790437802102492,"tower_height":2.477584611438037},"trial_21":{"above_naive":8,"above_contact_general":8,"above_contact_selective":5,"edge_distance":0.7826834195668884,"brick_angle":0.7765042756268459,"brick_y":1.2690323960508363,"avg_edge_distance":0.8871124640563184,"avg_x":-0.30596392017517066,"avg_y":1.4907243691663132,"avg_angle":0.4236014075355539,"tower_height":2.9489735686042984},"trial_22":{"above_naive":9,"above_contact_general":9,"above_contact_selective":8,"edge_distance":0.7125209773551084,"brick_angle":0.012883059951594333,"brick_y":1.0731294417705732,"avg_edge_distance":0.982906407532439,"avg_x":-0.13570861929135364,"avg_y":1.4700373740813313,"avg_angle":0.5482319532806491,"tower_height":3.5224289679636325},"trial_23":{"above_naive":10,"above_contact_general":10,"above_contact_selective":5,"edge_distance":0.2947609171865544,"brick_angle":0.7239905706737,"brick_y":1.1017118158498707,"avg_edge_distance":0.7490608164959797,"avg_x":0.1584627016634675,"avg_y":1.1783793004312315,"avg_angle":0.39478805977934905,"tower_height":2.710556005637216},"trial_24":{"above_naive":13,"above_contact_general":13,"above_contact_selective":7,"edge_distance":0.3292760381156219,"brick_angle":0.0033165541974975454,"brick_y":0.4639380412847869,