{"trial_1":{"above_naive":2,"above_contact_general":2,"above_contact_selective":1,"edge_distance":0.7928599269220991,"avg_x":-0.04628985128768709,"avg_y":0.7360716611674043,"avg_angle":0.33214193479803256,"tower_height":1.4772245039782006},"trial_2":{"above_naive":1,"above_contact_general":1,"above_contact_selective":1,"edge_distance":1.1595646202241805,"avg_x":-0.15324567806954198,"avg_y":0.7277477974578952,"avg_angle":0.10082298541352022,"tower_height":1.5226133681791367},"trial_3":{"above_naive":2,"above_contact_general":2,"above_contact_selective":2,"edge_distance":0.9209314384800322,"avg_x":-0.042139328901435666,"avg_y":0.8729321630759745,"avg_angle":0.2930490013313329,"tower_height":1.6753270047814257},"trial_4":{"above_naive":3,"above_contact_general":3,"above_contact_selective":3,"edge_distance":0.8129666429133344,"avg_x":0.1844447222714293,"avg_y":0.8758339642961479,"avg_angle":0.1376679839429719,"tower_height":2.1331607940660744},"trial_5":{"above_naive":2,"above_contact_general":2,"above_contact_selective":2,"edge_distance":1.0434154270584468,"avg_x":0.15451085277899718,"avg_y":0.9548925558310297,"avg_angle":0.0061536107086428765,"tower_height":2.313374758350748},"trial_6":{"above_naive":6,"above_contact_general":6,"above_contact_selective":6,"edge_distance":1.2179271344858797,"avg_x":0.031477326014728066,"avg_y":1.1882899443616992,"avg_angle":0.042624085933361706,"tower_height":2.521434968181906},"trial_7":{"above_naive":3,"above_contact_general":3,"above_contact_selective":3,"edge_distance":1.0594005789328467,"avg_x":0.032756274770232095,"avg_y":1.157982136092142,"avg_angle":0.11058814825932992,"tower_height":2.4861619272895976},"trial_8":{"above_naive":5,"above_contact_general":5,"above_contact_selective":3,"edge_distance":0.029969285056002715,"avg_x":-0.43255410144370543,"avg_y":0.6592964047284289,"avg_angle":0.2627584599356745,"tower_height":1.3844073168669495},"trial_9":{"above_naive":3,"above_contact_general":3,"above_contact_selective":3,"edge_distance":0.47924749173439185,"avg_x":-0.20844129331168726,"avg_y":0.8830651013686168,"avg_angle":0.2997800569936339,"tower_height":1.675435910018709},"trial_10":{"above_naive":5,"above_contact_general":5,"above_contact_selective":5,"edge_distance":0.881439730507708,"avg_x":0.09059236815953298,"avg_y":1.2153590208472638,"avg_angle":0.04450762980421299,"tower_height":2.7248220365098694},"trial_11":{"above_naive":4,"above_contact_general":4,"above_contact_selective":4,"edge_distance":0.9793858575915269,"avg_x":0.16184656021500163,"avg_y":0.9709229817226102,"avg_angle":0.26206205588001485,"tower_height":1.7451889898190158},"trial_12":{"above_naive":2,"above_contact_general":2,"above_contact_selective":2,"edge_distance":1.3780253989709284,"avg_x":0.07783562868043763,"avg_y":0.959342972442276,"avg_angle":0.0872608181044119,"tower_height":2.5870451275940063},"trial_13":{"above_naive":4,"above_contact_general":4,"above_contact_selective":4,"edge_distance":1.0086888729545045,"avg_x":-0.03954511794086912,"avg_y":0.9974285581094464,"avg_angle":0.04228951480052057,"tower_height":2.3110242937843197},"trial_14":{"above_naive":8,"above_contact_general":8,"above_contact_selective":7,"edge_distance":0.46951852275004624,"avg_x":-0.11507085082590301,"avg_y":1.2450926803472706,"avg_angle":0.00501150613713871,"tower_height":2.4987354307448575},"trial_15":{"above_naive":6,"above_contact_general":6,"above_contact_selective":6,"edge_distance":1.337591764627681,"avg_x":0.13808809026288793,"avg_y":1.2917434216377703,"avg_angle":0.035745893847821404,"tower_height":2.4986632895104934},"trial_16":{"above_naive":9,"above_contact_general":9,"above_contact_selective":7,"edge_distance":0.6145507189698307,"avg_x":0.08586569022862205,"avg_y":1.4206123386881568,"avg_angle":0.07285146275248727,"tower_height":3.116495993208607},"trial_17":{"above_naive":3,"above_contact_general":2,"above_contact_selective":2,"edge_distance":0.8285111277133708,"avg_x":0.11558417227938081,"avg_y":1.0235244597786948,"avg_angle":0.04559108367726436,"tower_height":2.082124674035256},"trial_18":{"above_naive":9,"above_contact_general":9,"above_contact_selective":5,"edge_distance":0.3060136977780532,"avg_x":0.023690091136673506,"avg_y":1.1531309515541803,"avg_angle":0.11477153992518306,"tower_height":2.3076732677632115},"trial_19":{"above_naive":5,"above_contact_general":5,"above_contact_selective":5,"edge_distance":1.1171000229203853,"avg_x":-0.030540488555492146,"avg_y":1.2233368477019457,"avg_angle":0.29064036989360087,"tower_height":2.5715207571768555},"trial_20":{"above_naive":6,"above_contact_general":6,"above_contact_selective":6,"edge_distance":1.497289045158829,"avg_x":0.13233410266954343,"avg_y":1.1001536222092314,"avg_angle":0.2703111656360855,"tower_height":2.477584611438037},"trial_21":{"above_naive":8,"above_contact_general":8,"above_contact_selective":5,"edge_distance":0.7826834195668884,"avg_x":-0.30596392017517066,"avg_y":1.4907243691663132,"avg_angle":0.13608003959244586,"tower_height":2.9489735686042984},"trial_22":{"above_naive":9,"above_contact_general":9,"above_contact_selective":8,"edge_distance":0.7125209773551084,"avg_x":-0.13570861929135364,"avg_y":1.4700373740813313,"avg_angle":0.011797194965220104,"tower_height":3.5224289679636325},"trial_23":{"above_naive":10,"above_contact_general":10,"above_contact_selective":5,"edge_distance":0.2947609171865544,"avg_x":0.1584627016634675,"avg_y":1.1783793004312315,"avg_angle":0.12726549576005317,"tower_height":2.710556005637216},"trial_24":{"above_naive":13,"above_contact_general":13,"above_contact_selective":7,"edge_distance":0.3292760381156219,"avg_x":0.0010711768460951899,"avg_y":1.2310219657665802,"avg_angle":0.012392208881482037,"tower_height":2.117850746788695},"trial_25":{"above_naive":5,"above_contact_general":5,"above_contact_selective":5,"edge_distance":1.4541818971075466,"avg_x":-0.01796857209958327,"avg_y":1.5218943361367328,"avg_angle":0.009013241879748711,"tower_height":2.9010543620049996},"trial_26":{"above_naive":6,"above_contact_general":6,"above_contact_selective":6,"edge_distance":0.7594650447999616,"avg_x":-0.09595052981074785,"avg_y":1.1122527245321803,"avg_angle":0.25520822864257015,"tower_height":2.134757289296788},"trial_27":{"above_naive":6,"above_contact_general":6,"above_contact_selective":6,"edge_distance":1.002602224552816,"avg_x":-0.07520617954316158,"avg_y":1.4008599851485237,"avg_angle":0.057804182255217294,"tower_height":2.913048986401124},"trial_28":{"above_naive":4,"above_contact_general":4,"above_contact_selective":4,"edge_distance":1.1760925390341317,"avg_x":0.3005127511984582,"avg_y":1.1997431549857849,"avg_angle":0.007579894928400751,"tower_height":2.9188656408891838},"trial_29":{"above_naive":9,"above_contact_general":9,"above_contact_selective":7,"edge_distance":1.4094298286168847,"avg_x":0.08786842602578596,"avg_y":1.2499763802580364,"avg_angle":0.055267792321519266,"tower_height":2.4992915280161236},"trial_30":{"above_naive":8,"above_contact_general":8,"above_contact_selective":7,"edge_distance":1.4166301064051448,"avg_x":0.29769170935323386,"avg_y":1.3344630867616805,"avg_angle":0.037607058375213984,"tower_height":3.10896566145572},"trial_31":{"above_naive":8,"above_contact_general":8,"above_contact_selective":8,"edge_distance":0.9991666764605491,"avg_x":0.03711901836235713,"avg_y":1.5338194432762435,"avg_angle":0.15105803415265578,"tower_height":3.1126368580579946},"trial_32":{"above_naive":9,"above_contact_general":9,"above_contact_selective":7,"edge_distance":1.1084919277887715,"avg_x":0.20703479431684477,"avg_y":1.217726359571346,"avg_angle":0.029526174512024914,"tower_height":2.496003703124528},"trial_33":{"above_naive":6,"above_contact_general":6,"above_contact_selective":6,"edge_distance":1.071591628149259,"avg_x":-0.17969591367859764,"avg_y":1.1539028365565476,"avg_angle":0.08561346156721845,"tower_height":2.431137409636705},"trial_34":{"above_naive":5,"above_contact_general":5,"above_contact_selective":3,